player,player_id,primary_position,bat_side,throw_hand,is_pitcher
Andrew Abbott,671096,P,L,L,True
Mick Abel,690953,P,R,R,True
Philip Abner,691769,P,L,L,True
CJ Abrams,682928,SS,L,R,False
Bryan Abreu,650556,P,R,R,True
Wilyer Abreu,677800,RF,L,L,False
Maximo Acosta,691185,SS,R,R,False
Garrett Acton,670183,P,L,R,True
Luisangel Acuna,682668,2B,R,R,False
Ronald Acuna Jr.,660670,RF,R,R,False
Jason Adam,592094,P,R,R,True
Willy Adames,642715,SS,R,R,False
Jordyn Adams,677941,CF,R,R,False
Riley Adams,656180,C,R,R,False
Travis Adams,701519,P,R,R,True
Ty Adcock,686654,P,R,R,True
Jo Adell,666176,CF,R,R,False
Zach Agnos,688642,P,R,R,True
Nick Ahmed,605113,SS,R,R,False
Keegan Akin,669211,P,L,L,True
Ozzie Albies,645277,2B,S,R,False
Jorge Alcala,660896,P,R,R,True
Kevin Alcantara,682634,RF,R,R,False
Sandy Alcantara,645261,P,R,R,True
Sergio Alcantara,642727,SS,S,R,False
Sam Aldegheri,691951,P,L,L,True
Blaze Alexander,677942,SS,R,R,False
CJ Alexander,680769,1B,L,R,False
Jason Alexander,669920,P,R,R,True
Scott Alexander,518397,P,L,L,True
Tyler Alexander,641302,P,R,L,True
Jorge Alfaro,595751,C,R,R,False
Kolby Allard,663465,P,L,L,True
Greg Allen,656185,CF,S,R,False
Logan Allen,671106,P,R,L,True
Nick Allen,669397,SS,R,R,False
Pete Alonso,624413,1B,R,R,False
Dan Altavilla,656186,P,R,R,True
Jose Altuve,514888,LF,R,R,False
Elvis Alvarado,665660,P,R,R,True
Jose Alvarado,621237,P,L,L,True
Francisco Alvarez,682626,C,R,R,False
Nacho Alvarez Jr.,805373,SS,R,R,False
Andrew Alvarez,674841,P,L,L,True
Yordan Alvarez,670541,LF,L,R,False
Adael Amador,691182,2B,S,R,False
Jacob Amaya,676070,SS,R,R,False
Miguel Amaya,665804,C,R,R,False
Grant Anderson,681982,P,R,R,True
Ian Anderson,666120,P,R,R,True
Nick Anderson,623433,P,R,R,True
Shaun Anderson,641312,P,R,R,True
Tim Anderson,641313,SS,R,R,False
Tyler Anderson,542881,P,L,L,True
Miguel Andujar,609280,LF,R,R,False
Roman Anthony,701350,RF,L,R,False
Jonathan Aranda,666018,1B,L,R,False
Orlando Arcia,606115,SS,R,R,False
Nolan Arenado,571448,3B,R,R,False
Gabriel Arias,672356,SS,R,R,False
Luarbert Arias,678215,P,R,R,True
Shawn Armstrong,542888,P,R,R,True
Randy Arozarena,668227,LF,R,R,False
Luis Arraez,650333,1B,L,R,False
Spencer Arrighetti,681293,P,R,R,True
Aaron Ashby,676879,P,R,L,True
Braxton Ashcraft,677952,P,L,R,True
Graham Ashcraft,668933,P,L,R,True
Javier Assad,665871,P,R,R,True
Drew Avans,682183,LF,L,L,False
Luinder Avila,679883,P,R,R,True
Jose Azocar,640492,LF,R,R,False
Lake Bachar,669199,P,R,R,True
Sam Bachman,696147,P,R,R,True
Kyle Backhus,679775,P,L,L,True
Akil Baddoo,668731,LF,L,L,False
Harrison Bader,664056,LF,R,R,False
Ji Hwan Bae,678225,CF,L,R,False
Javier Baez,595879,CF,R,R,False
Patrick Bailey,672275,C,S,R,False
Bryan Baker,641329,P,R,R,True
Luken Baker,663609,1B,R,R,False
Drake Baldwin,686948,C,L,R,False
Brooks Baldwin,681460,LF,S,R,False
Moises Ballesteros,694208,C,L,R,False
Anthony Banda,607455,P,L,L,True
Will Banfield,677943,C,R,R,False
Tanner Banks,621383,P,R,L,True
David Banuelos,675915,C,R,R,False
Hunter Barco,682995,P,L,L,True
Addison Barger,680718,3B,L,R,False
Scott Barlow,605130,P,R,R,True
Austin Barnes,605131,C,R,R,False
Jacob Barnes,606930,P,R,R,True
Mason Barnett,686930,P,R,R,True
Tucker Barnhart,571466,C,L,R,False
Jose Barrero,676480,SS,R,R,False
Jorge Barrosa,678489,LF,S,L,False
Joey Bart,663698,C,R,R,False
Samuel Basallo,694212,C,L,R,False
Chris Bassitt,605135,P,R,R,True
Brady Basso,669620,P,R,L,True
Brett Baty,683146,3B,L,R,False
Jake Bauers,641343,1B,L,L,False
Felix Bautista,642585,P,R,R,True
Shane Baz,669358,P,R,R,True
Eduard Bazardo,660825,P,R,R,True
Dylan Beavers,687637,RF,L,R,False
Jordan Beck,687597,LF,R,R,False
Tristan Beck,663941,P,R,R,True
David Bednar,670280,P,L,R,True
Jalen Beeks,656222,P,L,L,True
Clayton Beeter,690925,P,R,R,True
Josh Bell,605137,1B,S,R,False
Cody Bellinger,641355,LF,L,L,False
Brayan Bello,678394,P,R,R,True
Valente Bellozo,678368,P,R,R,True
Anthony Bender,669622,P,R,R,True
Andrew Benintendi,643217,LF,L,L,False
Will Benson,666181,LF,L,L,False
Ryan Bergert,686701,P,R,R,True
Warming Bernabel,682653,3B,R,R,False
Brennan Bernardino,657514,P,L,L,True
Jose Berrios,621244,P,R,R,True
Steward Berroa,672642,RF,S,R,False
Jon Berti,542932,3B,R,R,False
Mookie Betts,605141,SS,R,R,False
Tanner Bibee,676440,P,R,R,True
Bo Bichette,666182,SS,R,R,False
Osvaldo Bido,674370,P,R,R,True
Shane Bieber,669456,P,R,R,True
Hunter Bigge,685801,P,R,R,True
Cavan Biggio,624415,1B,L,R,False
Jake Bird,656234,P,R,R,True
Hayden Birdsong,806185,P,R,R,True
Spencer Bivens,702352,P,R,R,True
Mason Black,696131,P,R,R,True
Tyler Black,672012,3B,L,R,False
Paul Blackburn,621112,P,R,R,True
Bradley Blalock,687134,P,R,R,True
Dairon Blanco,680118,CF,R,R,False
Ronel Blanco,669854,P,R,R,True
JJ Bleday,668709,CF,L,L,False
Scott Blewett,656240,P,R,R,True
Ryan Bliss,669208,2B,R,R,False
AJ Blubaugh,805123,P,R,R,True
Xander Bogaerts,593428,SS,R,R,False
Alec Bohm,664761,3B,R,R,False
Cody Bolton,675989,P,R,R,True
Cam Booser,592155,P,L,L,True
Ryan Borucki,621366,P,L,L,True
Sean Bouchard,656248,RF,R,R,False
Caleb Boushley,676961,P,R,R,True
Ben Bowden,641386,P,L,L,True
Jonathan Bowlan,680742,P,R,R,True
Matt Bowman,621199,P,R,R,True
Matthew Boyd,571510,P,L,L,True
Joe Boyle,671212,P,R,R,True
Kyle Bradish,680694,P,R,R,True
Taj Bradley,671737,P,R,R,True
Rob Brantly,542963,C,L,R,False
Matt Brash,666374,P,R,R,True
Ryan Brasier,518489,P,R,R,True
Huascar Brazoban,623211,P,R,R,True
John Brebbia,605154,P,L,R,True
Alex Bregman,608324,3B,R,R,False
Will Brennan,686823,RF,L,L,False
Jonah Bride,681146,3B,R,R,False
Beau Brieske,689225,P,R,R,True
Jeff Brigham,656257,P,R,R,True
Connor Brogdon,641401,P,R,R,True
Trenton Brooks,670092,LF,L,L,False
Ben Brown,676962,P,R,R,True
Hunter Brown,686613,P,R,R,True
McCade Brown,685326,P,R,R,True
Seth Brown,664913,LF,L,L,False
JT Brubaker,664141,P,R,R,True
Justin Bruihl,677865,P,L,L,True
Vidal Brujan,660644,3B,S,R,False
Kris Bryant,592178,DH,R,R,False
Zach Brzykcy,694350,P,R,R,True
Kris Bubic,663460,P,L,L,True
Walker Buehler,621111,P,R,R,True
Aaron Bummer,607481,P,L,L,True
Nick Burdi,595897,P,R,R,True
Jake Burger,669394,1B,R,R,False
Juan Burgos,686228,P,R,R,True
Brock Burke,656271,P,L,L,True
Sean Burke,680732,P,R,R,True
Alec Burleson,676475,1B,L,L,False
Corbin Burnes,669203,P,R,R,True
Chase Burns,695505,P,R,R,True
Ryan Burr,621114,P,R,R,True
Mike Burrows,681347,P,R,R,True
Michael Busch,683737,1B,L,R,False
Lawrence Butler,671732,RF,L,R,False
Jose Butto,676130,P,R,R,True
Byron Buxton,621439,CF,R,R,False
Jose Caballero,676609,SS,R,R,False
Edward Cabrera,665795,P,R,R,True
Genesis Cabrera,650893,P,L,L,True
Oswaldo Cabrera,665828,3B,S,R,False
Jac Caglianone,695506,RF,L,L,False
Owen Caissie,683357,RF,L,R,False
Alex Call,669743,RF,R,R,False
Tyler Callihan,682997,LF,L,R,False
Daz Cameron,663662,RF,R,R,False
Noah Cameron,702070,P,L,L,True
Junior Caminero,691406,3B,R,R,False
Isaiah Campbell,663462,P,R,R,True
Kristian Campbell,692225,2B,R,R,False
Gustavo Campero,672569,OF,S,R,False
Luis Campusano,669134,C,R,R,False
Alexander Canario,672744,LF,R,R,False
Jeimer Candelario,600869,3B,S,R,False
Mark Canha,592192,LF,R,R,False
Griffin Canning,656288,P,R,R,True
Jonathan Cannon,686563,P,R,R,True
Yennier Cano,666974,P,R,R,True
Joey Cantillo,676282,P,L,L,True
Dominic Canzone,686527,RF,L,R,False
Vinny Capra,681962,3B,R,R,False
Victor Caratini,605170,C,S,R,False
Dylan Carlson,666185,LF,S,L,False
Kerry Carpenter,681481,RF,L,R,False
Carlos Carrasco,471911,P,R,R,True
Alex Carrillo,692024,P,R,R,True
Corbin Carroll,682998,RF,L,L,False
Evan Carter,694497,CF,L,R,False
Triston Casas,671213,1B,L,R,False
Ben Casparius,676508,P,R,R,True
Blas Castano,680604,P,R,R,True
Nick Castellanos,592206,RF,R,R,False
Jose Castillo,620454,P,L,L,True
Luis Castillo,622491,P,R,R,True
Luis F. Castillo,622379,P,R,R,True
Miguel Castro,612434,P,R,R,True
Willi Castro,650489,LF,S,R,False
Cade Cavalli,676917,P,R,R,True
Dylan Cease,656302,P,R,R,True
Slade Cecconi,677944,P,R,R,True
Andrew Chafin,605177,P,R,L,True
Bubba Chandler,696149,P,S,R,True
Andres Chaparro,665953,1B,R,R,False
Aroldis Chapman,547973,P,L,L,True
Matt Chapman,656305,3B,R,R,False
Jesse Chavez,445926,P,R,R,True
Tsung-Che Cheng,691907,SS,L,R,False
Jazz Chisholm Jr.,665862,2B,L,R,False
Angel Chivilli,683409,P,R,R,True
Jackson Chourio,694192,CF,R,R,False
Marc Church,687847,P,R,R,True
Nathan Church,701675,LF,L,L,False
Aaron Civale,650644,P,R,R,True
Denzel Clarke,672016,CF,R,R,False
Taylor Clarke,664199,P,R,R,True
Emmanuel Clase,661403,P,R,R,True
Jonatan Clase,682729,LF,S,R,False
Garrett Cleavinger,664076,P,R,L,True
Kody Clemens,665019,2B,L,R,False
Ernie Clement,676391,3B,R,R,False
Mike Clevinger,605182,P,R,R,True
Zach Cole,805904,CF,L,R,False
Isaac Collins,686555,LF,S,R,False
Michael Conforto,624424,LF,L,R,False
Griffin Conine,665052,LF,L,R,False
Luis Contreras,664351,P,R,R,True
Roansy Contreras,672710,P,R,R,True
William Contreras,661388,C,R,R,False
Willson Contreras,575929,1B,R,R,False
Billy Cook,695257,OF,R,R,False
Patrick Corbin,571578,P,L,L,True
Jose Corniell,692030,P,R,R,True
Kenedy Corona,685744,CF,R,R,False
Carlos Correa,621043,SS,R,R,False
Carlos Cortes,666126,LF,L,S,False
Nestor Cortes,641482,P,R,L,True
Tom Cosgrove,676680,P,L,L,True
Danny Coulombe,543056,P,L,L,True
Colton Cowser,681297,LF,L,R,False
Austin Cox,680735,P,L,L,True
J.P. Crawford,641487,SS,L,R,False
Dylan Crews,686611,RF,R,R,False
Blaine Crim,688760,1B,R,R,False
Nabil Crismatt,622503,P,R,R,True
Cooper Criswell,681867,P,R,R,True
Garrett Crochet,676979,P,L,L,True
Jake Cronenworth,630105,2B,L,R,False
Jimmy Crooks,699625,C,L,R,False
Pete Crow-Armstrong,691718,CF,L,L,False
Fernando Cruz,518585,P,R,R,True
Omar Cruz,678316,P,L,L,True
Oneil Cruz,665833,CF,L,R,False
Steven Cruz,674444,P,R,R,True
Xzavion Curry,675540,P,R,R,True
John Curtiss,595928,P,R,R,True
Luis Curvelo,681168,P,R,R,True
Travis d'Arnaud,518595,C,R,R,False
Bobby Dalbec,666915,1B,R,R,False
Caden Dana,702674,P,L,R,True
Davis Daniel,669721,P,R,R,True
Dugan Darnell,699911,P,L,R,True
Michael Darrell-Hicks,690382,P,R,R,True
Yu Darvish,506433,P,R,R,True
Logan Davidson,669722,1B,S,R,False
Henry Davis,680779,C,R,R,False
J.D. Davis,605204,3B,R,R,False
Noah Davis,663562,P,R,R,True
Justin Dean,681909,CF,R,R,False
Brett de Geus,676969,P,R,R,True
Jacob deGrom,594798,P,L,R,True
Paul DeJong,657557,3B,R,R,False
Bryan De La Cruz,650559,OF,R,R,False
Elly De La Cruz,682829,SS,S,R,False
Chase DeLauter,800050,RF,L,L,False
Adrian Del Castillo,680728,C,L,R,False
Jose De Leon,592254,P,R,R,True
Enyel De Los Santos,660853,P,R,R,True
Yerry De los Santos,660787,P,R,R,True
Jonny DeLuca,676356,CF,R,R,False
Anthony DeSclafani,543101,P,R,R,True
Reid Detmers,672282,P,L,L,True
Cam Devanney,687478,SS,R,R,False
Chris Devenski,606965,P,R,R,True
Rafael Devers,646240,DH,L,R,False
Zach Dezenzo,701305,LF,R,R,False
Alexis Diaz,664747,P,R,R,True
Edwin Diaz,621242,P,R,R,True
Elias Diaz,553869,C,R,R,False
Jhonathan Diaz,646242,P,L,L,True
Yainer Diaz,673237,C,R,R,False
Yandy Diaz,650490,1B,R,R,False
Yilber Diaz,700270,P,R,R,True
Dillon Dingler,693307,C,R,R,False
Hunter Dobbins,690928,P,R,R,True
Randy Dobnak,677976,P,R,R,True
Dylan Dodd,689266,P,L,L,True
Chase Dollander,801403,P,R,R,True
Jasson Dominguez,691176,LF,S,R,False
Seranthony Dominguez,622554,P,R,R,True
Brendan Donovan,680977,2B,L,R,False
Camilo Doval,666808,P,R,R,True
Brenton Doyle,686668,CF,R,R,False
Jack Dreyer,676263,P,R,L,True
Shawn Dubin,681869,P,R,R,True
Mauricio Dubon,643289,2B,R,R,False
Blake Dunn,694362,LF,R,R,False
Oliver Dunn,686554,3B,L,R,False
Dane Dunning,641540,P,R,R,True
Carlos Duran,679922,P,R,R,True
Ezequiel Duran,677649,SS,R,R,False
Jarren Duran,680776,LF,L,R,False
Jhoan Duran,661395,P,R,R,True
Caleb Durbin,702332,3B,R,R,False
Connelly Early,813349,P,L,L,True
Nate Eaton,681987,3B,R,R,False
Jake Eder,671109,P,L,L,True
Tommy Edman,669242,2B,S,R,False
Carl Edwards Jr.,605218,P,R,R,True
Xavier Edwards,669364,SS,S,R,False
Scott Effross,664123,P,R,R,True
Zach Eflin,621107,P,R,R,True
Brandon Eisert,685126,P,L,L,True
Bryce Elder,693821,P,R,R,True
Bryce Eldridge,805811,1B,L,R,False
Tim Elko,671284,1B,R,R,False
Fraser Ellard,686642,P,L,L,True
Jerar Encarnacion,666464,RF,R,R,False
Christian Encarnacion-Strand,687952,1B,R,R,False
Mason Englert,669438,P,S,R,True
Tristin English,663536,OF,R,R,False
Dietrich Enns,608650,P,L,L,True
Nic Enright,663671,P,R,R,True
Nathan Eovaldi,543135,P,R,R,True
Lucas Erceg,668674,P,L,R,True
J.C. Escarra,641555,C,L,R,False
Jose Espada,664744,P,R,R,True
Santiago Espinal,669289,3B,R,R,False
Joey Estes,683155,P,R,R,True
Carlos Estevez,608032,P,R,R,True
Jeremiah Estrada,669093,P,S,R,True
Lazaro Estrada,681751,P,R,R,True
Thairo Estrada,642731,2B,R,R,False
Logan Evans,688138,P,R,R,True
Pete Fairbanks,664126,P,R,R,True
Stuart Fairchild,656413,RF,R,R,False
Bailey Falter,663559,P,R,L,True
Kyle Farmer,571657,2B,R,R,False
Mitch Farris,815083,P,L,L,True
Calvin Faucher,676534,P,R,R,True
Erick Fedde,607200,P,R,R,True
Hunter Feduccia,676439,C,L,R,False
Ryan Feltner,663372,P,R,R,True
Caleb Ferguson,657571,P,R,L,True
Tyler Ferguson,621053,P,R,R,True
Freddy Fermin,666023,C,R,R,False
Jose Fermin,665877,2B,R,R,False
Jose Fermin,820862,P,R,R,True
Julian Fernandez,642759,P,R,R,True
Ryan Fernandez,681676,P,R,R,True
Yanquiel Fernandez,692585,RF,L,L,False
Jose A. Ferrer,678606,P,L,L,True
David Festa,701581,P,R,R,True
Matt Festa,670036,P,R,R,True
J.P. Feyereisen,656420,P,R,R,True
Kyle Finnegan,640448,P,R,R,True
Braydon Fisher,680755,P,R,R,True
Richard Fitts,690916,P,R,R,True
Ryan Fitzgerald,680837,3B,L,R,False
Tyler Fitzgerald,666149,2B,R,R,False
Jack Flaherty,656427,P,R,R,True
Dominic Fletcher,666150,RF,L,L,False
Chris Flexen,623167,P,R,R,True
Rafael Flores Jr.,804668,C,R,R,False
Wilmer Flores,527038,1B,R,R,False
Mason Fluharty,689254,P,R,L,True
Harry Ford,695670,C,R,R,False
Nick Fortes,663743,C,R,R,False
Justin Foscue,679822,1B,R,R,False
Jake Fraley,641584,RF,L,L,False
J.P. France,641585,P,R,R,True
Ty France,664034,1B,R,R,False
Bowden Francis,670102,P,R,R,True
Adam Frazier,624428,2B,L,R,False
Alex Freeland,690976,SS,S,R,False
Kyle Freeland,607536,P,L,L,True
Caleb Freeman,673965,P,R,R,True
Cody Freeman,683227,3B,R,R,False
Freddie Freeman,518692,1B,L,R,False
Tyler Freeman,671289,RF,R,R,False
Sal Frelick,686217,RF,L,R,False
Max Fried,608331,P,L,L,True
TJ Friedl,670770,CF,L,L,False
David Fry,681807,1B,R,R,False
Didier Fuentes,800311,P,R,R,True
Braxton Fulford,690924,C,R,R,False
Carson Fulmer,608334,P,R,R,True
Michael Fulmer,605242,P,R,R,True
Kody Funderburk,681892,P,L,L,True
Hunter Gaddis,683769,P,R,R,True
Matt Gage,657424,P,L,L,True
Zac Gallen,668678,P,R,R,True
Gerson Garabito,642520,P,R,R,True
Aramis Garcia,605244,C,R,R,False
Brandyn Garcia,805299,P,L,L,True
Jhostynxon Garcia,691373,CF,R,R,False
Adolis Garcia,666969,RF,R,R,False
Rico Garcia,670329,P,R,R,True
Luis Garcia Jr.,671277,2B,L,R,False
Luis Garcia,472610,P,R,R,True
Luis Garcia,677651,P,R,R,True
Maikel Garcia,672580,3B,R,R,False
Robert Garcia,676395,P,R,L,True
Yimi Garcia,554340,P,R,R,True
Reed Garrett,657585,P,R,R,True
Mitch Garver,641598,C,R,R,False
Justin Garza,621057,P,R,R,True
Mickey Gasper,681508,2B,S,R,False
Robert Gasser,688107,P,L,L,True
Kevin Gausman,592332,P,L,R,True
Zack Gelof,680869,2B,R,R,False
Joey Gerber,680702,P,R,R,True
Paul Gervase,801434,P,R,R,True
Ian Gibaut,664139,P,R,R,True
Cade Gibson,806188,P,L,L,True
Kyle Gibson,502043,P,R,R,True
Luis Gil,661563,P,R,R,True
Drew Gilbert,687551,CF,L,L,False
Logan Gilbert,669302,P,R,R,True
Tyler Gilbert,656457,P,L,L,True
Lucas Gilbreath,656458,P,L,L,True
Logan Gillaspie,670810,P,R,R,True
Connor Gillispie,687362,P,R,R,True
Andres Gimenez,665926,2B,L,R,False
Kevin Ginkel,656464,P,L,R,True
J.T. Ginn,669372,P,R,R,True
Lucas Giolito,608337,P,R,R,True
Sawyer Gipson-Long,687830,P,R,R,True
Tyler Glasnow,607192,P,L,R,True
Paul Goldschmidt,502671,1B,R,R,False
Austin Gomber,596295,P,L,L,True
Yoendrys Gomez,672782,P,R,R,True
Tony Gonsolin,664062,P,R,R,True
Nick Gonzales,693304,2B,R,R,False
Oscar Gonzalez,660757,LF,R,R,False
Romy Gonzalez,663853,1B,R,R,False
Wikelman Gonzalez,682790,P,R,R,True
Hunter Goodman,696100,C,R,R,False
Colton Gordon,676467,P,L,L,True
Tanner Gordon,685299,P,L,R,True
MacKenzie Gore,669022,P,L,L,True
Nolan Gorman,669357,2B,L,R,False
Matt Gorski,685301,1B,R,R,False
Gordon Graceffo,700669,P,R,R,True
Andre Granillo,701552,P,R,R,True
Kendall Graveman,608665,P,R,R,True
Jon Gray,592351,P,R,R,True
Sonny Gray,543243,P,R,R,True
Tristan Gray,656484,3B,L,R,False
Chad Green,643338,P,L,R,True
Hunter Greene,668881,P,R,R,True
Riley Greene,682985,LF,L,L,False
Randal Grichuk,545341,RF,R,R,False
Trent Grisham,663757,CF,L,L,False
Sean Guenther,674944,P,L,L,True
Luis Guerrero,692285,P,R,R,True
Vladimir Guerrero Jr.,665489,1B,R,R,False
Luis Guillorme,641645,3B,L,R,False
Lourdes Gurriel Jr.,666971,LF,R,R,False
Yuli Gurriel,493329,1B,R,R,False
Ryan Gusto,687473,P,R,R,True
Denzer Guzman,694203,SS,R,R,False
Eric Haase,606992,C,R,R,False
Josh Hader,623352,P,L,L,True
Justin Hagenman,663795,P,R,R,True
Sam Haggerty,664059,CF,S,R,False
Jesse Hahn,534910,P,R,R,True
DL Hall,669084,P,L,L,True
Petey Halpin,690984,CF,L,R,False
Seth Halvorsen,678020,P,R,R,True
Dom Hamel,687589,P,R,R,True
David Hamilton,666152,2B,L,R,False
Ian Hamilton,641656,P,R,R,True
Garrett Hampson,641658,2B,R,R,False
Emerson Hancock,676106,P,R,R,True
Maverick Handley,668974,C,R,R,False
Brenan Hanifee,669724,P,R,R,True
Ian Happ,664023,LF,S,R,False
Bryce Harper,547180,1B,L,R,False
Thomas Harrington,802419,P,R,R,True
Brett Harris,695391,3B,R,R,False
Dustin Harris,687957,LF,L,R,False
Hayden Harris,802686,P,L,L,True
Hogan Harris,663687,P,R,L,True
Michael Harris II,671739,CF,L,L,False
Kyle Harrison,690986,P,R,L,True
Kyle Hart,606996,P,L,L,True
Geoff Hartlieb,664129,P,R,R,True
Hunter Harvey,640451,P,R,R,True
Robert Hassell III,690987,CF,L,L,False
Thomas Hatch,641672,P,R,R,True
Ke'Bryan Hayes,663647,3B,R,R,False
Austin Hays,669720,LF,R,R,False
Brent Headrick,687396,P,L,L,True
Andrew Heaney,571760,P,L,L,True
Austin Hedges,595978,C,R,R,False
Jonah Heim,641680,C,S,R,False
Tyler Heineman,623168,C,S,R,False
Michael Helman,680737,CF,R,R,False
Ryan Helsley,664854,P,R,R,True
Gunnar Henderson,683002,SS,L,R,False
Logan Henderson,701656,P,R,R,True
Kyle Hendricks,543294,P,R,R,True
Liam Hendriks,521230,P,R,R,True
Edgardo Henriquez,683618,P,R,R,True
Ronny Henriquez,678692,P,R,R,True
Cole Henry,669371,P,R,R,True
Tommy Henry,674072,P,L,L,True
Jimmy Herget,623474,P,R,R,True
Kevin Herget,643361,P,L,R,True
Darell Hernaiz,687231,3B,R,R,False
Carlos Hernandez,672578,P,R,R,True
Daysbel Hernandez,678226,P,R,R,True
Enrique Hernandez,571771,1B,R,R,False
Heriberto Hernandez,681715,LF,R,R,False
Nick Hernandez,663321,P,R,R,True
Teoscar Hernandez,606192,RF,R,R,False
Ivan Herrera,671056,C,R,R,False
Jose Herrera,645444,C,S,R,False
Tim Herrin,682120,P,L,L,True
Codi Heuer,676051,P,R,R,True
Jason Heyward,518792,LF,L,L,False
Brewer Hicklen,676551,OF,R,R,False
Jordan Hicks,663855,P,R,R,True
Liam Hicks,689414,C,L,R,False
Kyle Higashioka,543309,C,R,R,False
Derek Hill,656537,CF,R,R,False
Jaden Hill,677955,P,R,R,True
Rich Hill,448179,P,L,L,True
Tim Hill,657612,P,R,L,True
Sam Hilliard,656541,LF,L,L,False
Rece Hinds,677956,RF,R,R,False
Yaramil Hiraldo,682274,P,R,R,True
Keston Hiura,669374,1B,R,R,False
Sean Hjelle,663546,P,R,R,True
Porter Hodge,687863,P,R,R,True
Bryan Hoeing,663773,P,R,R,True
Nico Hoerner,663538,2B,R,R,False
Jeff Hoffman,656546,P,R,R,True
Nolan Hoffman,676510,P,R,R,True
Andrew Hoffmann,694851,P,R,R,True
Gunnar Hoglund,680684,P,L,R,True
Colin Holderman,670059,P,R,R,True
Jackson Holliday,702616,2B,L,R,False
Gavin Hollowell,668970,P,R,R,True
Grant Holman,680880,P,R,R,True
Clay Holmes,605280,P,R,R,True
Grant Holmes,656550,P,L,R,True
Tyler Holton,663947,P,L,L,True
Bailey Horn,690544,P,L,L,True
Cade Horton,690990,P,R,R,True
Spencer Horwitz,687462,1B,L,R,False
Rhys Hoskins,656555,1B,R,R,False
Tanner Houck,656557,P,R,R,True
Brady House,691781,3B,R,R,False
Adrian Houser,605288,P,R,R,True
Bryan Hudson,663542,P,L,L,True
Sam Huff,669087,C,R,R,False
Cooper Hummel,669450,LF,S,R,False
Brant Hurter,676428,P,L,L,True
Jacob Hurtubise,674441,LF,L,R,False
Andy Ibanez,628451,3B,R,R,False
Jose Iglesias,578428,2B,R,R,False
Raisel Iglesias,628452,P,R,R,True
Shota Imanaga,684007,P,L,L,True
Jonathan India,663697,2B,R,R,False
Jake Irvin,663623,P,R,R,True
Kyle Isbel,664728,CF,L,R,False
Alex Jackson,656577,C,R,R,False
Jeremiah Jackson,669236,2B,R,R,False
Luke Jackson,592426,P,R,R,True
Alek Jacob,689690,P,L,R,True
Drey Jameson,686753,P,R,R,True
Travis Jankowski,608671,RF,L,R,False
Danny Jansen,643376,C,R,R,False
Kenley Jansen,445276,P,S,R,True
Bryce Jarvis,686826,P,L,R,True
Cristian Javier,664299,P,R,R,True
Griffin Jax,643377,P,R,R,True
Ryan Jeffers,680777,C,R,R,False
Carter Jensen,695600,C,L,R,False
Leo Jimenez,677870,SS,R,R,False
Jackson Jobe,695549,P,R,R,True
Connor Joe,656582,RF,R,R,False
Bryce Johnson,669369,CF,S,R,False
Daniel Johnson,669288,CF,L,L,False
Pierce Johnson,572955,P,R,R,True
Ryan Johnson,696270,P,S,R,True
Seth Johnson,686751,P,R,R,True
Troy Johnston,687859,OF,L,L,False
Greg Jones,675659,RF,S,R,False
Jahmai Jones,663330,RF,R,R,False
Nolan Jones,666134,RF,L,R,False
Ben Joyce,690829,P,R,R,True
Aaron Judge,592450,RF,R,R,False
Edouard Julien,666397,2B,L,R,False
Corey Julks,667452,LF,R,R,False
Jace Jung,690291,3B,L,R,False
Josh Jung,673962,3B,R,R,False
Jakob Junis,596001,P,R,R,True
Janson Junk,676083,P,R,R,True
Tommy Kahnle,592454,P,R,R,True
Connor Kaiser,663731,SS,R,R,False
Kyle Karros,691720,3B,R,R,False
Niko Kavadas,694359,OF,L,R,False
C.J. Kayfus,692216,1B,L,L,False
Luke Keaschall,807712,2B,R,R,False
DaShawn Keirsey Jr.,680577,CF,L,L,False
Colt Keith,690993,2B,L,R,False
Jarred Kelenic,672284,RF,L,L,False
Brad Keller,641745,P,R,R,True
Mitch Keller,656605,P,R,R,True
Carson Kelly,608348,C,R,R,False
Casey Kelly,543391,P,R,R,True
Merrill Kelly,518876,P,R,R,True
Kevin Kelly,687330,P,R,R,True
Michael Kelly,547184,P,R,R,True
Zack Kelly,677161,P,R,R,True
Otto Kemp,805249,1B,R,R,False
Buddy Kennedy,671083,1B,R,R,False
Zak Kent,687849,P,R,R,True
Max Kepler,596146,LF,L,L,False
Orion Kerkering,689147,P,R,R,True
Clayton Kershaw,477132,P,L,L,True
Carter Kieboom,666198,3B,R,R,False
Yusei Kikuchi,579328,P,L,L,True
Ha-Seong Kim,673490,SS,R,R,False
Hyeseong Kim,808975,2B,L,R,False
Craig Kimbrel,518886,P,R,R,True
Isiah Kiner-Falefa,643396,SS,R,R,False
Bryan King,687911,P,R,L,True
John King,667463,P,L,L,True
Michael King,650633,P,R,R,True
Scott Kingery,664068,2B,R,R,False
Tyler Kinley,641755,P,R,R,True
George Kirby,669923,P,R,R,True
Alejandro Kirk,672386,C,R,R,False
Andrew Kittredge,552640,P,R,R,True
Heston Kjerstad,677008,LF,L,R,False
Will Klein,694361,P,R,R,True
Landon Knack,689017,P,L,R,True
Andrew Knizner,668800,C,R,R,False
Jack Kochanowicz,686799,P,L,R,True
Jared Koenig,657649,P,R,L,True
Stephen Kolek,663568,P,R,R,True
Michael Kopech,656629,P,R,R,True
Christian Koss,683766,2B,R,R,False
Jackson Kowar,663804,P,R,R,True
Max Kranick,668820,P,R,R,True
Ryan Kreidler,668952,CF,R,R,False
Dean Kremer,665152,P,R,R,True
Brooks Kriske,621139,P,R,R,True
Matt Krook,640454,P,L,L,True
Nick Kurtz,701762,1B,L,L,False
Steven Kwan,680757,LF,L,L,False
Alex Lange,656638,P,R,R,True
Shea Langeliers,669127,C,R,R,False
Wyatt Langford,694671,LF,R,R,False
Sauryn Lao,666659,P,R,R,True
Andry Lara,691251,P,R,R,True
Trevor Larnach,663616,RF,L,R,False
Joe La Sorsa,686747,P,L,L,True
Jacob Latz,656641,P,R,L,True
Eric Lauer,641778,P,R,L,True
Ramon Laureano,657656,RF,R,R,False
Cody Laweryson,689520,P,L,R,True
Jordan Lawlar,691783,SS,R,R,False
Casey Lawrence,596271,P,R,R,True
Justin Lawrence,664875,P,R,R,True
Max Lazar,676661,P,R,R,True
Kyle Leahy,681517,P,S,R,True
Jordan Leasure,673929,P,R,R,True
Jose Leclerc,600917,P,R,R,True
Brooks Lee,686797,3B,S,R,False
Chase Lee,695445,P,R,R,True
Dylan Lee,669276,P,L,L,True
Jung Hoo Lee,808982,CF,L,R,False
Korey Lee,686676,C,R,R,False
Casey Legumina,668984,P,R,R,True
Jack Leiter,683004,P,R,R,True
Mark Leiter Jr.,643410,P,R,R,True
DJ LeMahieu,518934,2B,R,R,False
Sandy Leon,506702,C,S,R,False
Royce Lewis,668904,3B,R,R,False
Matthew Liberatore,669461,P,L,L,True
Daylen Lile,695734,RF,L,R,False
Francisco Lindor,596019,SS,S,R,False
Trey Lipscomb,702358,3B,R,R,False
Zack Littell,641793,P,R,R,True
Brendon Little,663893,P,L,L,True
Jack Little,669193,P,L,R,True
Luke Little,681432,P,L,L,True
Ben Lively,594902,P,R,R,True
Jonathan Loaisiga,642528,P,R,R,True
Tyler Locklear,682988,1B,R,R,False
Brandon Lockridge,663604,LF,R,R,False
Nick Lodolo,666157,P,L,L,True
Nick Loftin,679845,LF,R,R,False
Sam Long,669674,P,L,L,True
Joey Loperfido,694388,LF,L,R,False
Jacob Lopez,682052,P,L,L,True
Jorge Lopez,605347,P,R,R,True
Nicky Lopez,670032,3B,L,R,False
Otto Lopez,672640,2B,R,R,False
Pablo Lopez,641154,P,L,R,True
Reynaldo Lopez,625643,P,R,R,True
Brad Lord,695418,P,R,R,True
Michael Lorenzen,547179,P,R,R,True
Ryan Loutos,702795,P,R,R,True
Richard Lovelady,663992,P,L,L,True
Brandon Lowe,664040,2B,L,R,False
Nathaniel Lowe,663993,1B,L,R,False
Josh Lowe,666139,RF,L,R,False
Easton Lucas,687922,P,L,L,True
Joey Lucchesi,664192,P,L,L,True
Seth Lugo,607625,P,R,R,True
Matthew Lugo,683090,LF,R,R,False
Nathan Lukes,664770,RF,L,R,False
Gavin Lux,666158,LF,L,R,False
Jesus Luzardo,666200,P,L,L,True
Daniel Lynch IV,663738,P,L,L,True
Manny Machado,592518,3B,R,R,False
Vimael Machin,605353,SS,L,R,False
Willie MacIver,680862,C,R,R,False
Kenta Maeda,628317,P,R,R,True
Tyler Mahle,641816,P,R,R,True
Luke Maile,571912,C,R,R,False
Anthony Maldonado,687424,P,R,R,True
Martin Maldonado,455117,C,R,R,False
Justyn-Henry Malloy,669234,RF,R,R,False
Sean Manaea,640455,P,R,L,True
Jake Mangum,663968,LF,S,L,False
Joe Mantiply,573009,P,R,L,True
Kyle Manzardo,700932,1B,L,R,False
Rafael Marchan,665561,C,S,R,False
Manuel Margot,622534,RF,R,R,False
Ron Marinaccio,676760,P,R,R,True
German Marquez,608566,P,R,R,True
Jakob Marsee,805300,CF,L,L,False
Brandon Marsh,669016,CF,L,R,False
Ketel Marte,606466,2B,S,R,False
Noelvi Marte,682622,OF,R,R,False
Starling Marte,516782,LF,R,R,False
Austin Martin,668885,CF,R,R,False
Chris Martin,455119,P,R,R,True
Corbin Martin,656686,P,R,R,True
Davis Martin,663436,P,L,R,True
Angel Martinez,682657,CF,S,R,False
Justin Martinez,679885,P,R,R,True
Nick Martinez,607259,P,L,R,True
Seth Martinez,661527,P,R,R,True
Nick Martini,605361,RF,L,L,False
Michael Massey,686681,2B,L,R,False
Miles Mastrobuoni,670156,3B,L,R,False
Jorge Mateo,622761,SS,R,R,False
Nick Maton,665155,1B,L,R,False
Phil Maton,664208,P,R,R,True
Luis Matos,682641,RF,R,R,False
Yuki Matsui,673513,P,L,L,True
Brice Matthews,694728,SS,R,R,False
Zebby Matthews,805673,P,R,R,True
Isaac Mattson,676755,P,R,R,True
Steven Matz,571927,P,R,L,True
Tyler Matzek,554431,P,L,L,True
Ronny Mauricio,677595,3B,S,R,False
Zach Maxwell,687209,P,R,R,True
Dustin May,669160,P,R,R,True
Marcelo Mayer,691785,3B,L,R,False
Coby Mayo,691723,1B,R,R,False
Tim Mayza,641835,P,L,L,True
Adam Mazur,800049,P,R,R,True
James McCann,543510,C,R,R,False
Jake McCarthy,664983,CF,L,L,False
Darren McCaughan,670766,P,R,R,True
Chas McCormick,676801,LF,R,L,False
Mason McCoy,669200,2B,R,R,False
Grant McCray,687529,CF,L,R,False
Lance McCullers Jr.,621121,P,L,R,True
Carson McCusker,676812,LF,R,R,False
Andrew McCutchen,457705,RF,R,R,False
Garrett McDaniels,680729,P,L,L,True
Chayce McDermott,694646,P,L,R,True
Trevor McDonald,686790,P,R,R,True
T.J. McFarland,519008,P,L,L,True
Easton McGee,668834,P,R,R,True
Scott McGough,543518,P,R,R,True
Michael McGreevy,700241,P,L,R,True
Reese McGuire,624512,C,L,R,False
Triston McKenzie,663474,P,R,R,True
Billy McKinney,641856,LF,L,L,False
Zach McKinstry,656716,3B,L,R,False
Matt McLain,680574,2B,R,R,False
Nolan McLean,690997,P,R,R,True
Ryan McMahon,641857,3B,L,R,False
Jeff McNeil,643446,2B,L,R,False
Curtis Mead,678554,1B,R,R,False
Parker Meadows,678009,CF,L,R,False
Nick Mears,683232,P,R,R,True
Victor Mederos,682989,P,R,R,True
Trevor Megill,656730,P,L,R,True
Tylor Megill,656731,P,R,R,True
Chase Meidroth,805367,SS,R,R,False
Juan Mejia,675848,P,R,R,True
MJ Melendez,669004,LF,L,R,False
Jacob Melton,689200,LF,L,L,False
Troy Melton,675512,P,R,R,True
Cristian Mena,691441,P,R,R,True
Michael Mercado,675650,P,R,R,True
Jackson Merrill,701538,CF,L,R,False
Julian Merryweather,657240,P,R,R,True
Matt Mervis,670223,1B,L,R,False
Victor Mesa Jr.,683748,CF,L,L,False
Parker Messick,800048,P,L,L,True
Luis Mey,682825,P,R,R,True
Max Meyer,676974,P,L,R,True
Jake Meyers,676694,CF,R,L,False
Miles Mikolas,571945,P,R,R,True
Wade Miley,489119,P,L,L,True
Drew Millas,686452,C,S,R,False
Bryce Miller,682243,P,R,R,True
Erik Miller,669062,P,L,L,True
Mason Miller,695243,P,R,R,True
Owen Miller,680911,2B,R,R,False
Bobby Miller,676272,P,L,R,True
Shelby Miller,571946,P,R,R,True
Hoby Milner,571948,P,L,L,True
A.J. Minter,621345,P,L,L,True
Jose Miranda,669304,3B,R,R,False
Anthony Misiewicz,664948,P,R,L,True
Jacob Misiorowski,694819,P,R,R,True
Kameron Misner,670224,CF,L,L,False
Garrett Mitchell,669003,CF,L,R,False
Casey Mize,663554,P,R,R,True
Carmen Mlodzinski,669387,P,R,R,True
Anthony Molina,683627,P,R,R,True
Sam Moll,594580,P,L,L,True
Andruw Monasterio,655316,SS,R,R,False
Yoan Moncada,660162,3B,S,R,False
Mickey Moniak,666160,RF,L,R,False
Frankie Montas,593423,P,R,R,True
Keider Montero,672456,P,R,R,True
Rafael Montero,606160,P,R,R,True
Coco Montes,663796,2B,R,R,False
Christian Montes De Oca,801216,P,R,R,True
Patrick Monteverde,687287,P,R,L,True
Colson Montgomery,695657,SS,L,R,False
Mason Montgomery,682254,P,L,L,True
Christian Moore,695681,2B,R,R,False
Dylan Moore,664238,2B,R,R,False
Luis Morales,806960,P,R,R,True
Jovani Moran,663558,P,L,L,True
Adrian Morejon,670970,P,L,L,True
Christopher Morel,666624,LF,R,R,False
Gabriel Moreno,672515,C,R,R,False
Dauri Moreta,664294,P,R,R,True
David Morgan,688158,P,R,R,True
Eli Morgan,669212,P,R,R,True
Juan Morillo,666661,P,R,R,True
Charlie Morton,450203,P,R,R,True
Ryan Mountcastle,663624,1B,R,R,False
Cedric Mullins,656775,CF,L,L,False
Max Muncy,571970,3B,L,R,False
Max Muncy,691777,3B,R,R,False
Andres Munoz,662253,P,R,R,True
Roddery Munoz,682610,P,R,R,True
Rolddy Munoz,691548,P,R,R,True
Noah Murdock,668716,P,R,R,True
Penn Murfee,682171,P,R,R,True
Chris Murphy,669684,P,L,L,True
Sean Murphy,669221,C,R,R,False
Jayden Murray,681151,P,R,R,True
Dane Myers,667472,CF,R,R,False
Tobias Myers,668964,P,R,R,True
Tommy Nance,667297,P,R,R,True
Carlos Narvaez,665966,C,R,R,False
Omar Narvaez,553882,C,L,R,False
Brian Navarreto,640459,1B,R,R,False
Josh Naylor,647304,1B,L,L,False
Bo Naylor,666310,C,L,R,False
Kyle Nelson,669459,P,L,L,True
Ryne Nelson,669194,P,R,R,True
Hector Neris,593576,P,R,R,True
Zach Neto,687263,SS,R,R,False
Sean Newcomb,656794,P,L,L,True
Kevin Newman,621028,3B,R,R,False
Kyle Nicolas,693312,P,R,R,True
Tomas Nido,621512,C,R,R,False
Doug Nikhazy,680951,P,L,L,True
Brandon Nimmo,607043,LF,L,R,False
Ryan Noda,676116,1B,L,L,False
Jhonkensy Noel,678877,RF,R,R,False
Aaron Nola,605400,P,R,R,True
Austin Nola,543592,C,R,R,False
Lars Nootbaar,663457,LF,L,R,False
Connor Norby,681393,3B,R,R,False
Dedniel Nunez,673380,P,R,R,True
Dom Nunez,624513,C,L,R,False
Eduarniel Nunez,674384,P,R,R,True
Nasim Nunez,683083,SS,S,R,False
Riley O'Brien,676617,P,R,R,True
Ryan O'Hearn,656811,1B,L,L,False
Logan O'Hoppe,681351,C,R,R,False
Tyler O'Neill,641933,RF,R,R,False
Bailey Ober,641927,P,R,R,True
Shinnosuke Ogasawara,829272,P,L,L,True
Pierson Ohl,701487,P,R,R,True
Shohei Ohtani,660271,TWP,L,R,False
Steven Okert,595345,P,L,L,True
Matt Olson,621566,1B,L,R,False
Reese Olson,681857,P,R,R,True
Jonathan Ornelas,680716,SS,R,R,False
Tirso Ornelas,672359,LF,L,R,False
Kaleb Ort,672391,P,R,R,True
Joey Ortiz,687401,SS,R,R,False
Luis Ortiz,682847,P,R,R,True
Eric Orze,679358,P,R,R,True
Alejandro Osuna,696030,LF,L,L,False
Michel Otanez,671305,P,R,R,True
Adam Ottavino,493603,P,S,R,True
James Outman,681546,CF,L,R,False
Johan Oviedo,670912,P,R,R,True
Tyler Owens,687074,P,R,R,True
Marcell Ozuna,542303,DH,R,R,False
Chris Paddack,663978,P,R,R,True
Emilio Pagan,641941,P,L,R,True
Andy Pages,681624,CF,R,R,False
Pedro Pages,686780,C,R,R,False
Joshua Palacios,641943,RF,L,R,False
Richie Palacios,680700,LF,L,R,False
Daniel Palencia,694037,P,R,R,True
Jake Palisch,669449,P,L,L,True
Andre Pallante,669467,P,R,R,True
Carson Palmquist,687223,P,L,L,True
Isaac Paredes,670623,3B,R,R,False
Kyren Paris,677347,2B,R,R,False
Mitchell Parker,680730,P,L,L,True
Vinnie Pasquantino,686469,1B,L,L,False
Chad Patrick,694477,P,R,R,True
Graham Pauley,688363,3B,L,R,False
Joel Payamps,606303,P,R,R,True
Nate Pearson,663878,P,R,R,True
Joc Pederson,592626,1B,L,L,False
Elvis Peguero,665625,P,R,R,True
Joel Peguero,666711,P,R,R,True
Liover Peguero,678894,SS,R,R,False
Jeremy Pena,665161,SS,R,R,False
Ryan Pepiot,686752,P,R,R,True
Freddy Peralta,642547,P,R,R,True
Luis Peralta,678821,P,L,L,True
Sammy Peralta,671111,P,L,L,True
Wandy Peralta,593974,P,L,L,True
Oswald Peraza,672724,3B,R,R,False
Angel Perdomo,622780,P,L,L,True
Geraldo Perdomo,672695,SS,S,R,False
Jhonny Pereda,640902,C,R,R,False
Everson Pereira,677592,CF,R,R,False
Cionel Perez,672335,P,R,L,True
Eury Perez,691587,P,R,R,True
Martin Perez,527048,P,L,L,True
Salvador Perez,521692,C,R,R,False
Wenceel Perez,672761,RF,S,R,False
Blake Perkins,663368,CF,S,R,False
Jack Perkins,678022,P,R,R,True
Tristan Peters,671976,LF,L,R,False
Michael Petersen,656848,P,R,R,True
David Peterson,656849,P,L,L,True
Chase Petty,695534,P,R,R,True
Brandon Pfaadt,694297,P,R,R,True
Tommy Pham,502054,LF,R,R,False
Connor Phillips,683175,P,R,R,True
Evan Phillips,623465,P,R,R,True
Tyler Phillips,663969,P,R,R,True
Konnor Pilkington,663455,P,L,L,True
Kevin Pillar,607680,LF,R,R,False
Robinson Pina,673820,P,R,R,True
Jonathan Pintaro,702752,P,R,R,True
Nick Pivetta,601713,P,R,R,True
Colin Poche,621363,P,L,L,True
Jorge Polanco,593871,2B,S,R,False
Drew Pomeranz,519141,P,R,L,True
Zach Pop,647315,P,R,R,True
Austin Pope,687166,P,R,R,True
Logan Porter,682515,C,R,R,False
Cody Poteet,547001,P,R,R,True
PJ Poulin,676571,P,R,L,True
Cade Povich,700249,P,L,L,True
Yohel Pozo,650968,C,R,R,False
Ryan Pressly,519151,P,R,R,True
Quinn Priester,682990,P,R,R,True
Cesar Prieto,693409,2B,L,R,False
Jurickson Profar,595777,LF,S,R,False
A.J. Puk,640462,P,L,L,True
Cal Quantrill,615698,P,L,R,True
Edgar Quero,700337,C,S,R,False
Jose Quijada,650671,P,L,L,True
Jose Quintana,500779,P,R,L,True
Ceddanne Rafaela,678882,CF,R,R,False
Cole Ragans,666142,P,L,L,True
Carson Ragsdale,685068,P,R,R,True
Tanner Rainey,663432,P,R,R,True
Cal Raleigh,663728,C,S,R,False
Brooks Raley,548384,P,L,L,True
Luke Raley,670042,RF,L,R,False
Agustin Ramirez,682663,C,R,R,False
Erasmo Ramirez,541640,P,R,R,True
Jose Ramirez,608070,3B,S,R,False
Yohan Ramirez,670990,P,R,R,True
Bryan Ramos,682868,3B,R,R,False
Heliot Ramos,671218,LF,R,R,False
Alan Rangel,660604,P,R,R,True
Nick Raquet,675919,P,R,L,True
Taylor Rashi,688497,P,R,R,True
Drew Rasmussen,656876,P,R,R,True
John Rave,670231,RF,L,L,False
Robbie Ray,592662,P,L,L,True
Colin Rea,607067,P,R,R,True
J.T. Realmuto,592663,C,R,R,False
Rob Refsnyder,608701,RF,R,R,False
Hunter Renfroe,592669,RF,R,R,False
Luis Rengifo,650859,3B,S,R,False
Pablo Reyes,622569,OF,R,R,False
Bryan Reynolds,668804,RF,S,R,False
Sean Reynolds,669308,P,L,R,True
Orlando Ribalta,687377,P,R,R,True
Ben Rice,700250,1B,L,R,False
Trevor Richards,670950,P,R,R,True
Lyon Richardson,680689,P,S,R,True
Austin Riley,663586,3B,R,R,False
Ryan Ritter,690022,SS,R,R,False
Leo Rivas,660844,2B,S,R,False
Emmanuel Rivera,656896,3B,R,R,False
Sebastian Rivero,665861,C,R,R,False
Christian Roa,685005,P,R,R,True
Daniel Robert,642016,P,L,R,True
Luis Robert Jr.,673357,CF,R,R,False
Ethan Roberts,681799,P,R,R,True
David Robertson,502085,P,R,R,True
Will Robertson,683770,LF,L,L,False
Chuckie Robinson,642020,C,R,R,False
Victor Robles,645302,RF,R,R,False
Brayan Rocchio,677587,SS,S,R,False
Joe Rock,697812,P,L,L,True
Kumar Rocker,677958,P,R,R,True
Alan Roden,702176,LF,L,R,False
Brendan Rodgers,663898,2B,R,R,False
Carlos Rodon,607074,P,L,L,True
Bradgley Rodriguez,699134,P,R,R,True
Carlos Rodriguez,692230,P,R,R,True
Eduardo Rodriguez,593958,P,L,L,True
Elvin Rodriguez,660730,P,R,R,True
Endy Rodriguez,682848,1B,S,R,False
Johnathan Rodriguez,671286,RF,R,R,False
Julio Rodriguez,677594,CF,R,R,False
Manuel Rodriguez,655889,P,R,R,True
Randy Rodriguez,678495,P,R,R,True
Yariel Rodriguez,684320,P,R,R,True
Jake Rogers,668670,C,R,R,False
Taylor Rogers,573124,P,L,L,True
Trevor Rogers,669432,P,L,L,True
Tyler Rogers,643511,P,R,R,True
Johan Rojas,679032,CF,R,R,False
Josh Rojas,668942,3B,L,R,False
Miguel Rojas,500743,2B,R,R,False
Ryan Rolison,669020,P,R,L,True
Jordan Romano,605447,P,R,R,True
JoJo Romero,668941,P,L,L,True
Drew Romo,691011,C,S,R,False
Brent Rooker,667670,RF,R,R,False
John Rooney,680701,P,R,L,True
Ben Rortvedt,666163,C,L,R,False
Eddie Rosario,592696,OF,L,R,False
Amed Rosario,642708,3B,R,R,False
Joe Ross,605452,P,R,R,True
Landen Roupp,694738,P,R,R,True
Chris Roycroft,688297,P,R,R,True
Esteury Ruiz,665923,LF,R,R,False
Jose Ruiz,614179,P,R,R,True
Keibert Ruiz,660688,C,S,R,False
Dalton Rushing,687221,C,L,R,False
Jackson Rutledge,671131,P,R,R,True
Adley Rutschman,668939,C,S,R,False
Joe Ryan,657746,P,R,R,True
Andrew Saalfrank,685314,P,L,L,True
Blake Sabol,666165,C,L,R,False
Erik Sabrowski,681870,P,R,L,True
Thomas Saggese,695336,2B,R,R,False
Cesar Salazar,663967,C,L,R,False
Eduardo Salazar,674285,P,R,R,True
Chris Sale,519242,P,L,L,True
Ali Sanchez,645305,C,R,R,False
Cristopher Sanchez,650911,P,L,L,True
Gary Sanchez,596142,C,R,R,False
Jesus Sanchez,660821,RF,L,R,False
Cam Sanders,676742,P,R,R,True
Nick Sandlin,680704,P,R,R,True
Jayvien Sandridge,682144,P,L,L,True
Cole Sands,663485,P,R,R,True
Reiver Sanmartin,665665,P,L,L,True
Javier Sanoja,691594,2B,R,R,False
Carlos Santana,467793,1B,S,R,False
Dennis Santana,642701,P,R,R,True
Anthony Santander,623993,RF,S,R,False
Tony Santillan,663574,P,R,R,True
Gregory Santos,666619,P,R,R,True
Roki Sasaki,808963,P,R,R,True
Tayler Saucedo,642048,P,L,L,True
Matt Sauer,669422,P,R,R,True
Nolan Schanuel,694384,1B,L,R,False
Max Scherzer,453286,P,R,R,True
Cam Schlittler,693645,P,R,R,True
Clarke Schmidt,657376,P,R,R,True
Casey Schmitt,669477,3B,R,R,False
Daniel Schneemann,682177,2B,L,R,False
Davis Schneider,676914,LF,R,R,False
Jesse Scholtens,669947,P,R,R,True
John Schreiber,670167,P,R,R,True
Max Schuemann,680474,3B,R,R,False
Paxton Schultz,687606,P,L,R,True
Aaron Schunk,668845,SS,R,R,False
Kyle Schwarber,656941,LF,L,R,False
Spencer Schwellenbach,680885,P,R,R,True
Tanner Scott,656945,P,R,L,True
Tayler Scott,605463,P,R,R,True
Victor Scott II,687363,CF,L,L,False
Connor Seabold,657756,P,R,R,True
Corey Seager,608369,SS,L,R,False
JP Sears,676664,P,R,L,True
Anthony Seigler,678011,2B,L,S,False
Colin Selby,681882,P,R,R,True
Marcus Semien,543760,2B,R,R,False
Kodai Senga,673540,P,L,R,True
Hayden Senger,663584,C,R,R,False
Antonio Senzatela,622608,P,R,R,True
Luis Severino,622663,P,R,R,True
Paul Sewald,623149,P,R,R,True
Carson Seymour,693313,P,R,R,True
Ian Seymour,693855,P,L,L,True
Bob Seymour,676044,1B,L,R,False
Matt Shaw,807713,3B,R,R,False
Emmet Sheehan,686218,P,R,R,True
Gavin Sheets,657757,LF,L,L,False
Zack Short,670097,3B,R,R,False
Chase Shugart,663767,P,L,R,True
Jared Shuster,694363,P,L,L,True
Michael Siani,672279,CF,L,L,False
Chase Silseth,681217,P,R,R,True
Ronny Simon,682927,2B,S,R,False
Chandler Simpson,802415,CF,L,R,False
Josh Simpson,681006,P,L,L,True
Lucas Sims,608371,P,R,R,True
Brady Singer,663903,P,R,R,True
Jon Singleton,572138,1B,L,L,False
Jose Siri,642350,CF,R,R,False
Evan Sisk,681895,P,L,L,True
Paul Skenes,694973,P,R,R,True
Tarik Skubal,669373,P,R,L,True
Justin Slaten,686580,P,R,R,True
Austin Slater,596103,LF,R,R,False
Cade Smith,671922,P,R,R,True
Cam Smith,701358,RF,R,R,False
Dominic Smith,642086,1B,L,L,False
Dylan Smith,681916,P,R,R,True
Josh Smith,669701,SS,L,R,False
Pavin Smith,656976,1B,L,L,False
Shane Smith,681343,P,R,R,True
Will Smith,669257,C,R,R,False
AJ Smith-Shawver,700363,P,R,R,True
Blake Snell,605483,P,L,L,True
Collin Snider,676092,P,R,R,True
Tyler Soderstrom,691016,LF,L,R,False
Nick Sogard,686765,1B,S,R,False
Nick Solak,669256,1B,R,R,False
Donovan Solano,456781,1B,R,R,False
Jorge Soler,624585,RF,R,R,False
Drew Sommers,805427,P,L,L,True
George Soriano,666277,P,R,R,True
Jose Soriano,667755,P,R,R,True
Michael Soroka,647336,P,R,R,True
Edmundo Sosa,624641,2B,R,R,False
Lenyn Sosa,672820,2B,R,R,False
Gregory Soto,642397,P,L,L,True
Juan Soto,665742,RF,L,L,False
Bennett Sousa,656986,P,L,L,True
Gabe Speier,642100,P,L,L,True
Mitch Spence,687765,P,R,R,True
Carson Spiers,686730,P,R,R,True
George Springer,543807,RF,R,R,False
Jeffrey Springs,605488,P,L,L,True
Brandon Sproat,687075,P,R,R,True
Jacob Stallings,607732,C,R,R,False
Ryne Stanek,592773,P,R,R,True
Giancarlo Stanton,519317,DH,R,R,False
Justin Steele,657006,P,L,L,True
Spencer Steer,668715,1B,R,R,False
Michael Stefanic,683021,2B,R,R,False
Robert Stephenson,596112,P,R,R,True
Tyler Stephenson,663886,C,R,R,False
Justin Sterner,686993,P,R,R,True
Chad Stevens,677060,SS,R,R,False
Cal Stevenson,670276,CF,L,L,False
Brock Stewart,592779,P,L,R,True
Sal Stewart,701398,3B,R,R,False
Robert Stock,476594,P,L,R,True
Trevor Story,596115,SS,R,R,False
Bryson Stott,681082,2B,L,R,False
Kyle Stowers,669065,LF,L,L,False
Matt Strahm,621381,P,R,L,True
Chris Stratton,608717,P,R,R,True
Hunter Stratton,676702,P,R,R,True
Myles Straw,664702,CF,R,R,False
Hunter Strickland,519326,P,R,R,True
Spencer Strider,675911,P,R,R,True
Marcus Stroman,573186,P,R,R,True
Kade Strowd,669704,P,R,R,True
C.J. Stubbs,667690,C,R,R,False
Garrett Stubbs,596117,C,L,R,False
Albert Suarez,544150,P,R,R,True
Eugenio Suarez,553993,3B,R,R,False
Jose Suarez,660761,P,L,L,True
Ranger Suarez,624133,P,L,L,True
Robert Suarez,663158,P,R,R,True
Wander Suero,593833,P,R,R,True
Tomoyuki Sugano,608372,P,R,R,True
Brett Sullivan,664954,C,L,R,False
Cole Sulser,642121,P,R,R,True
Brent Suter,608718,P,L,L,True
Jack Suwinski,669261,RF,L,L,False
Seiya Suzuki,673548,RF,R,R,False
Matt Svanson,694335,P,R,R,True
Erik Swanson,657024,P,R,R,True
Dansby Swanson,621020,SS,R,R,False
Trey Sweeney,700242,SS,L,R,False
Jameson Taillon,592791,P,R,R,True
Freddy Tarnok,676206,P,R,R,True
Dillon Tate,622253,P,R,R,True
Fernando Tatis Jr.,665487,RF,R,R,False
Mike Tauchman,643565,RF,L,L,False
Leody Taveras,665750,OF,S,R,False
Tim Tawa,694374,2B,R,R,False
Chris Taylor,621035,CF,R,R,False
Grant Taylor,691799,P,R,R,True
Michael A. Taylor,572191,RF,R,R,False
Samad Taylor,669392,2B,R,R,False
Troy Taylor,700187,P,R,R,True
Tyrone Taylor,621438,CF,R,R,False
Kyle Teel,691019,C,L,R,False
Rowdy Tellez,642133,1B,L,L,False
Jose Tena,677588,3B,L,R,False
Kai-Wei Teng,678906,P,R,R,True
Bryce Teodosio,669326,CF,R,L,False
Matt Thaiss,642136,C,L,R,False
Caleb Thielbar,573204,P,R,L,True
Alek Thomas,677950,CF,L,L,False
Colby Thomas,687515,RF,R,R,False
Lane Thomas,657041,CF,R,R,False
Rhylan Thomas,689041,LF,L,L,False
Connor Thomas,671162,P,L,L,True
Mason Thompson,666168,P,R,R,True
Ryan Thompson,657044,P,R,R,True
Zach Thompson,605507,P,R,R,True
Trent Thornton,663423,P,R,R,True
Blade Tidwell,694918,P,R,R,True
Jesus Tinoco,622786,P,R,R,True
Michael Toglia,669911,1B,S,L,False
Tyler Tolbert,686475,2B,R,R,False
Payton Tolle,801139,P,L,L,True
Jonah Tong,804636,P,R,R,True
Michael Tonkin,543859,P,R,R,True
Justin Topa,623437,P,R,R,True
Spencer Torkelson,679529,1B,R,R,False
Abraham Toro,647351,1B,S,R,False
Luis Torrens,620443,C,R,R,False
Gleyber Torres,650402,2B,R,R,False
Touki Toussaint,657053,P,R,R,True
Ezequiel Tovar,678662,SS,R,R,False
Taylor Trammell,666211,LF,L,L,False
Blake Treinen,595014,P,R,R,True
Alan Trejo,676701,SS,R,R,False
Jose Trevino,624431,C,R,R,False
Jared Triolo,669707,SS,R,R,False
Lou Trivino,642152,P,R,R,True
Chadwick Tromp,644433,C,R,R,False
Mike Trout,545361,RF,R,R,False
Kyle Tucker,663656,RF,L,R,False
Brice Turang,668930,2B,L,R,False
Spencer Turnbull,605513,P,R,R,True
Justin Turner,457759,1B,R,R,False
Trea Turner,607208,SS,R,R,False
Edwin Uceta,670955,P,R,R,True
Jose Urena,570632,P,R,R,True
Luis Urias,649966,2B,R,R,False
Ramon Urias,602104,3B,R,R,False
Abner Uribe,682842,P,R,R,True
Jose Urquidy,664353,P,R,R,True
Gio Urshela,570482,3B,R,R,False
Enmanuel Valdez,665839,1B,L,R,False
Framber Valdez,664285,P,R,L,True
George Valera,671655,RF,L,L,False
Brian Van Belle,687003,P,R,R,True
Logan VanWey,701121,P,R,R,True
Carlos Vargas,672841,P,R,R,True
Ildemaro Vargas,545121,2B,S,R,False
Miguel Vargas,678246,3B,R,R,False
Louis Varland,686973,P,L,R,True
Daulton Varsho,662139,CF,L,R,False
Mike Vasil,678024,P,L,R,True
Randy Vasquez,681190,P,R,R,True
Andrew Vaughn,683734,1B,R,R,False
Terrin Vavra,679631,2B,L,R,False
Christian Vazquez,543877,C,R,R,False
Luis Vazquez,676679,SS,R,R,False
Zac Veen,691728,LF,L,R,False
Anthony Veneziano,685107,P,L,L,True
Alex Verdugo,657077,LF,L,L,False
Justin Verlander,434378,P,R,R,True
Alex Vesia,681911,P,L,L,True
Will Vest,676684,P,R,R,True
Mark Vientos,668901,3B,R,R,False
Matt Vierling,663837,CF,R,R,False
Ryan Vilade,668723,RF,R,R,False
David Villar,681584,1B,R,R,False
Jorbit Vivas,678391,2B,L,R,False
Victor Vodnik,680767,P,R,R,True
Anthony Volpe,683011,SS,R,R,False
Michael Wacha,608379,P,R,R,True
Brandon Waddell,663399,P,L,L,True
LaMonte Wade Jr.,664774,1B,L,L,False
Tyler Wade,642180,2B,L,R,False
Eric Wagaman,676572,1B,R,R,False
Will Wagner,695238,3B,L,R,False
Hurston Waldrep,694462,P,R,R,True
Matt Waldron,663362,P,R,R,True
Christian Walker,572233,1B,R,R,False
Jordan Walker,691023,RF,R,R,False
Josh Walker,677020,P,L,L,True
Ryan Walker,676254,P,R,R,True
Taijuan Walker,592836,P,R,R,True
Chad Wallach,595453,C,R,R,False
Matt Wallner,670242,RF,L,R,False
Taylor Walls,670764,SS,S,R,False
Brandon Walter,687888,P,L,L,True
Andrew Walters,689958,P,R,R,True
Donovan Walton,622268,2B,L,R,False
Taylor Ward,621493,LF,R,R,False
Austin Warren,681810,P,R,R,True
Will Warren,701542,P,R,R,True
Drew Waters,671221,LF,S,R,False
Ryan Weathers,677960,P,R,L,True
Luke Weaver,596133,P,R,R,True
Jacob Webb,657097,P,R,R,True
Logan Webb,657277,P,R,R,True
Jordan Weems,607179,P,L,R,True
Greg Weissert,669711,P,R,R,True
Austin Wells,669224,C,L,R,False
Tyler Wells,669330,P,R,R,True
Joey Wentz,666214,P,L,L,True
Hayden Wesneski,669713,P,R,R,True
Jordan Westburg,676059,3B,R,R,False
Zack Wheeler,554430,P,L,R,True
Carson Whisenhunt,687931,P,L,L,True
Shay Whitcomb,694376,LF,R,R,False
Eli White,642201,RF,R,R,False
Owen White,669391,P,R,R,True
Forrest Whitley,666215,P,R,R,True
Garrett Whitlock,676477,P,R,R,True
Jordan Wicks,696136,P,L,L,True
Joey Wiemer,686894,LF,R,R,False
Cole Wilcox,677961,P,R,R,True
Nathan Wiles,686249,P,R,R,True
Carson Williams,700246,SS,R,R,False
Devin Williams,642207,P,R,R,True
Gavin Williams,668909,P,L,R,True
Luke Williams,663897,SS,R,R,False
Trevor Williams,592866,P,R,R,True
Ben Williamson,810938,3B,R,R,False
Bryse Wilson,669060,P,R,R,True
Jacob Wilson,805779,SS,R,R,False
Justin Wilson,458677,P,L,L,True
Steven Wilson,621051,P,R,R,True
Weston Wilson,642215,LF,R,R,False
Will Wilson,669717,3B,R,R,False
Allan Winans,642216,P,R,R,True
Josh Winckowski,670174,P,R,R,True
Jesse Winker,608385,LF,L,L,False
Jack Winkler,676466,2B,R,R,False
Cole Winn,668390,P,R,R,True
Keaton Winn,676775,P,R,R,True
Masyn Winn,691026,SS,R,R,False
Brett Wisely,689172,2B,L,R,False
Bobby Witt Jr.,677951,SS,R,R,False
Grant Wolfram,664991,P,L,L,True
Connor Wong,657136,C,R,R,False
Bryan Woo,693433,P,R,R,True
James Wood,695578,LF,L,R,False
Jake Woodford,663765,P,R,R,True
Brandon Woodruff,605540,P,L,R,True
Simeon Woods Richardson,680573,P,R,R,True
Gage Workman,669398,3B,L,R,False
Justin Wrobleski,680736,P,L,L,True
Randy Wynne,691094,P,R,R,True
Austin Wynns,642851,C,R,R,False
Yoshinobu Yamamoto,808967,P,R,R,True
Ryan Yarbrough,642232,P,R,L,True
Mike Yastrzemski,573262,RF,L,L,False
Kirby Yates,489446,P,L,R,True
Christian Yelich,592885,LF,L,R,False
Trey Yesavage,702056,P,R,R,True
Craig Yoho,684974,P,R,R,True
Nick Yorke,694377,2B,R,R,False
Masataka Yoshida,807799,LF,L,R,False
Brandon Young,687064,P,R,R,True
Cole Young,702284,2B,L,R,False
Danny Young,664849,P,L,L,True
Jacob Young,696285,CF,R,R,False
Jared Young,676724,LF,L,R,False
Rob Zastryzny,642239,P,R,L,True
Ryan Zeferjahn,666171,P,R,R,True
Angel Zerpa,672582,P,L,L,True
Bruce Zimmermann,669145,P,L,L,True
Tyler Zuber,676604,P,R,R,True
Yosver Zulueta,691172,P,R,R,True
